k,recall_1_k,recall_k_k,QPS_seq,QPS_par,nprobes,num_rerank,avg_cmps,tq8_rerank,query_compression,query_compression_threshold,search_cmps,probe_cmps,t_search_dists,t_search_beam,t_search_rest,t_search_top_level,t_compress,t_quant,t_leaf_dists,t_leaf_rest,t_rerank,t_greedy
10,0.198,0.159,885.073,885.073,1,500,7046094.42,True,Wards,0.5,158058,94417,0.175,0.0,0.0,0.194,0.028,0.01,0.035,0.002,0.454,0.2
10,0.31,0.259,592.393,592.393,2,500,9522283.407,True,Wards,0.5,159624,177456,0.179,0.0,0.0,0.195,0.025,0.01,0.067,0.002,0.78,0.206
10,0.437,0.382,382.489,382.489,4,500,13467598.34,True,Wards,0.5,161513,343933,0.185,0.0,0.0,0.196,0.025,0.011,0.129,0.003,1.311,0.213
10,0.56,0.511,304.462,304.462,8,500,16725600.846,True,Wards,0.5,165124,654291,0.194,0.0,0.0,0.198,0.025,0.011,0.239,0.005,1.622,0.224
10,0.688,0.639,257.183,257.183,16,500,19761203.235,True,Wards,0.5,171433,1276160,0.206,0.0,0.0,0.198,0.026,0.011,0.437,0.008,1.796,0.239
10,0.836,0.766,215.555,215.555,32,500,24826600.944,True,Wards,0.5,183287,2493457,0.229,0.0,0.0,0.2,0.027,0.011,0.815,0.015,1.868,0.267
10,0.917,0.865,172.345,172.345,64,500,34019387.068,True,Wards,0.5,204380,4845175,0.27,0.0,0.0,0.201,0.028,0.011,1.539,0.029,1.833,0.316
10,0.96,0.93,121.825,121.825,128,500,50605548.222,True,Wards,0.5,241597,9251256,0.348,0.0,0.0,0.203,0.028,0.011,2.955,0.055,1.86,0.407
10,0.994,0.975,76.67,76.67,256,500,80581375.475,True,Wards,0.5,306297,17494519,0.514,0.0,0.0,0.227,0.03,0.011,5.819,0.112,1.884,0.593
10,0.998,0.992,46.092,46.092,512,500,132185143.099,True,Wards,0.5,400787,32645343,0.788,0.0,0.0,0.312,0.031,0.012,10.977,0.229,1.916,0.89
10,0.998,0.994,40.997,40.997,1024,500,147493951.444,True,Wards,0.5,419904,37349424,0.831,0.0,0.0,0.328,0.03,0.012,12.574,0.265,1.989,0.933
10,0.998,0.994,40.798,40.798,2048,500,147493951.444,True,Wards,0.5,419904,37349424,0.831,0.0,0.0,0.329,0.03,0.012,12.603,0.266,2.036,0.933
10,0.998,0.994,41.112,41.112,4096,500,147493951.444,True,Wards,0.5,419904,37349424,0.829,0.0,0.0,0.328,0.033,0.012,12.591,0.265,1.925,0.931
