tau,recall_1_10,recall_10_10,avg_compressed_vectors
0.0000000000,1.0047000000,1.0000000000,32.000000
0.0002915877,1.0047000000,1.0000000000,31.970300
0.0023327016,1.0047000000,0.9999800000,30.376900
0.0078728674,1.0047000000,0.9996800000,27.099100
0.0186616126,1.0047000000,0.9988400000,23.816400
0.0364484601,1.0047000000,0.9960500000,20.267800
0.0629829392,1.0047000000,0.9916600000,16.103900
0.1000145823,1.0047000000,0.9878400000,13.229900
0.1492929012,1.0047000000,0.9828900000,11.407400
0.2125674337,1.0047000000,0.9763100000,9.989700
0.2915876806,1.0047000000,0.9695200000,8.873500
0.3881032169,1.0047000000,0.9619000000,7.986900
0.5038635135,1.0047000000,0.9530200000,7.265000
0.6406181455,1.0047000000,0.9425600000,6.624700
0.8001166582,1.0045000000,0.9303900000,6.024500
0.9841084480,1.0042000000,0.9171600000,5.513600
1.1943432093,1.0044000000,0.9005200000,5.030100
1.4325703382,1.0041000000,0.8820300000,4.573100
1.7005394697,1.0026000000,0.8627000000,4.159300
2.0000000000,1.0002000000,0.8410100000,3.791100
