k,recall_1_k,recall_k_k,QPS_seq,QPS_par,L,num_rerank,avg_cmps,tq8_rerank,search_cmps,t_compress,t_quant,t_search,t_rerank
10,0.452,0.411,243.804,243.804,16,20,4375454.906,True,6137514,0.0,0.294,28.66,1.398
10,0.563,0.52,162.059,162.059,32,20,6676211.883,True,9575168,0.0,0.264,44.263,1.145
10,0.652,0.613,128.389,128.389,64,20,10831435.32,True,15804904,0.0,0.282,56.157,1.217
10,0.732,0.696,80.029,80.029,128,20,17536735.626,True,26018449,0.0,0.264,91.133,1.112
10,0.797,0.764,45.885,45.885,256,20,29458341.812,True,44354534,0.0,0.294,159.615,1.449
10,0.853,0.822,25.854,25.854,512,20,50523867.956,True,77127150,0.0,0.308,284.55,1.541
10,0.897,0.871,14.547,14.547,1024,20,87421035.289,True,135231123,0.0,0.299,507.122,1.58
10,0.929,0.907,7.743,7.743,2048,20,151220214.174,True,236948765,0.0,0.298,954.315,1.702
10,0.957,0.936,3.841,3.841,4096,20,260138826.617,True,412656257,0.0,0.297,1925.553,1.796
10,0.973,0.956,1.61,1.61,8192,20,443788995.168,True,712566674,0.0,0.306,4595.905,1.765
