k,recall_1_k,recall_k_k,QPS_seq,QPS_par,nprobes,num_rerank,avg_cmps,tq8_rerank,search_cmps,probe_cmps,t_search_dists,t_search_beam,t_search_rest,t_search_top_level,t_compress,t_quant,t_leaf_dists,t_leaf_rest,t_rerank,t_greedy
10,0.105,0.081,60.347,60.347,1,20,70802395.136,False,2318206,136997,15.82,0.001,0.0,15.888,0.0,0.041,0.068,0.003,0.251,16.203
10,0.142,0.112,59.698,59.698,2,20,71178911.744,False,2324478,268979,15.894,0.001,0.0,15.932,0.0,0.041,0.137,0.004,0.269,16.295
10,0.2,0.158,58.814,58.814,4,20,71803063.552,False,2335772,529339,16.006,0.001,0.0,15.948,0.0,0.041,0.27,0.006,0.268,16.415
10,0.269,0.218,57.02,57.02,8,20,72979049.728,False,2355394,1051149,16.258,0.001,0.0,16.034,0.0,0.039,0.541,0.009,0.265,16.679
10,0.346,0.285,54.367,54.367,16,20,75117892.096,False,2389578,2087708,16.56,0.001,0.0,16.057,0.0,0.04,1.071,0.015,0.267,16.996
10,0.445,0.368,49.816,49.816,32,20,79052461.824,False,2446578,4133115,17.105,0.002,0.001,16.121,0.0,0.044,2.12,0.031,0.301,17.574
10,0.547,0.452,39.252,39.252,64,20,86405314.304,False,2549948,8115477,18.947,0.002,0.001,17.049,0.0,0.041,5.548,0.062,0.334,19.486
10,0.657,0.531,32.122,32.122,128,20,100099948.032,False,2724969,15969179,20.312,0.006,0.003,16.678,0.0,0.04,9.687,0.118,0.334,20.948
10,0.735,0.603,24.206,24.206,256,20,125943108.096,False,3034788,31347763,23.15,0.005,0.002,17.083,0.0,0.042,16.785,0.226,0.309,23.944
10,0.831,0.67,15.69,15.69,512,20,174457138.176,False,3580414,61372977,28.18,0.008,0.004,17.992,0.0,0.049,33.709,0.441,0.325,29.206
10,0.907,0.729,10.313,10.313,1024,20,266669631.232,False,4561976,120099173,35.673,0.004,0.006,18.066,0.0,0.054,58.864,0.864,0.334,36.845
10,0.944,0.77,5.905,5.905,2048,20,443446249.216,False,6350550,235591911,50.293,0.005,0.015,18.407,0.0,0.047,115.231,1.801,0.312,51.948
