k,recall_1_k,recall_k_k,QPS_seq,QPS_par,L,num_rerank,avg_cmps,tq8_rerank,search_cmps,t_compress,t_fde,t_quant,t_search,t_rerank
10,0.62,0.483,70866.7,70866.7,16,10000,1897497.744,True,,,,,,
10,0.732,0.631,57015.793,57015.793,32,10000,2893045.488,True,,,,,,
10,0.83,0.748,41500.664,41500.664,64,10000,4747977.168,True,,,,,,
10,0.892,0.826,27571.755,27571.755,128,10000,8032148.208,True,,,,,,
10,0.937,0.876,16633.4,16633.4,256,10000,14430894.972,True,,,,,,
10,0.956,0.907,9038.894,9038.894,512,10000,26625824.028,True,,,,,,
10,0.971,0.932,4909.349,4909.349,1024,10000,49843669.668,True,,,,,,
10,0.985,0.954,2585.904,2585.904,2048,10000,93384208.02,True,,,,,,
10,0.991,0.967,1323.021,1323.021,4096,10000,174483593.088,True,,,,,,
10,0.994,0.975,495.572,495.572,8192,10000,324663166.284,True,,,,,,
10,0.995,0.978,260.305,260.305,16384,10000,521561041.56,True,,,,,,
