k,recall_1_k,recall_k_k,QPS_seq,QPS_par,nprobes,num_rerank,avg_cmps,tq8_rerank,query_compression,query_compression_threshold,search_cmps,probe_cmps,t_search_dists,t_search_beam,t_search_rest,t_compress,t_quant,t_leaf_dists,t_leaf_dedup,t_leaf_rest,t_rerank
10,0.197,0.149,512.793,512.793,1,50,22499020.872,True,Wards,0.5,1673757,185415,0,0,0,0.04,0.012,0.043,0.004,0,0.372
10,0.284,0.226,518.874,518.874,2,50,22867884.932,True,Wards,0.5,1685672,299384,0,0,0,0.039,0.013,0.072,0.005,0,0.303
10,0.385,0.3,498.295,498.295,4,50,23506643.476,True,Wards,0.5,1703051,587427,0,0,0,0.039,0.012,0.136,0.008,0,0.296
10,0.47,0.375,462.714,462.714,8,50,24584023.168,True,Wards,0.5,1731357,1111807,0,0,0,0.039,0.012,0.251,0.012,0,0.286
10,0.56,0.45,404.182,404.182,16,50,26634839.08,True,Wards,0.5,1777560,2161605,0,0,0,0.039,0.012,0.487,0.021,0,0.28
10,0.654,0.538,305.181,305.181,32,50,30471385.392,True,Wards,0.5,1851762,4228805,0,0,0,0.039,0.012,0.966,0.04,0,0.315
10,0.736,0.617,231.096,231.096,64,50,37820428.348,True,Wards,0.5,1980110,8243830,0,0,0,0.04,0.013,1.863,0.077,0,0.333
10,0.797,0.675,150.497,150.497,128,50,52146075.684,True,Wards,0.5,2207367,16242852,0,0,0,0.04,0.013,3.714,0.16,0,0.35
10,0.85,0.737,80.083,80.083,256,50,79577323.076,True,Wards,0.5,2604573,31722496,0,0,0,0.04,0.013,8.707,0.322,0,0.314
10,0.893,0.796,42.844,42.844,512,50,132622863.9,True,Wards,0.5,3304584,62119397,0,0,0,0.043,0.013,14.18,4.61,0,0.267
10,0.934,0.843,20.164,20.164,1024,50,235316289.756,True,Wards,0.5,4524185,121586281,0,0,0,0.045,0.013,29.396,13.292,0,0.413
10,0.953,0.876,10.205,10.205,2048,50,433716961.32,True,Wards,0.5,6649208,237683813,0,0,0,0.045,0.013,59.711,27.671,0,0.5
10,0.968,0.898,5.314,5.314,4096,50,815591608.96,True,Wards,0.5,10367017,463994953,0,0,0,0.046,0.013,115.577,55.048,0,0.517
