k,recall_1_k,recall_k_k,QPS_seq,QPS_par,nprobes,num_rerank,avg_cmps,search_cmps,probe_cmps,t_search_dists,t_search_beam,t_search_rest,t_quant,t_leaf_dists,t_leaf_rest,t_rerank,timings
10,0.14,0.094,334.78,334.78,1,0,19142441.086,166073,25373,1.61,0.0,0.0,0,0,0.306,0.001,"[3e-06, 1.6272740000000012]"
10,0.225,0.172,274.439,274.439,2,0,22620675.951,169941,52914,1.649,0.0,0.0,0,0,0.691,0.001,"[0.0, 1.6676969999999982]"
10,0.335,0.271,201.444,201.444,4,0,29466150.716,174999,108446,1.728,0.0,0.0,0,0,1.463,0.001,"[0.0, 1.7503350000000006]"
10,0.466,0.386,136.893,136.893,8,0,42109195.062,183518,214485,1.838,0.0,0.0,0,0,2.865,0.002,"[0.0, 1.86478]"
10,0.586,0.515,82.353,82.353,16,0,67431880.691,199811,420616,2.075,0.0,0.0,0,0,5.754,0.003,"[1e-05, 2.1102099999999973]"
10,0.701,0.636,47.472,47.472,32,0,113925873.778,226708,805906,2.453,0.0,0.0,0,0,11.143,0.005,"[1e-05, 2.500322000000003]"
10,0.819,0.747,26.454,26.454,64,0,200749067.852,276920,1531435,3.16,0.0,0.0,0,0,21.259,0.009,"[1e-05, 3.2253979999999958]"
10,0.903,0.834,14.229,14.229,128,0,364787801.284,363672,2917854,4.589,0.0,0.0,0,0,40.839,0.017,"[2.0000000000000005e-05, 4.682130000000001]"
10,0.946,0.908,7.722,7.722,256,0,669096921.284,512138,5533886,6.734,0.0,0.0,0,0,77.009,0.034,"[1.3000000000000001e-05, 6.871558000000002]"
10,0.988,0.958,4.258,4.258,512,0,1212098217.086,759940,10360382,9.985,0.001,0.001,0,0,141.912,0.064,"[4.999999999999997e-05, 10.198543999999993]"
10,1.0,0.988,2.417,2.417,1024,0,2134152055.309,1140334,18980055,14.691,0.002,0.001,0,0,252.85,0.207,"[7.999999999999987e-05, 15.01982600000001]"
10,1.0,1.0,1.432,1.432,2048,0,3564072485.136,1591756,33537640,20.072,0.003,0.001,0,0,428.979,2.99,"[0.00021899999999999955, 20.526674999999983]"
10,1.0,1.0,1.313,1.313,4096,0,3901962752.0,1567512,37349424,19.547,0.0,0.0,0,0,470.688,3.378,"[0.00016199999999999966, 19.548194000000017]"
