k,recall_1_k,recall_k_k,QPS_seq,QPS_par,L,num_rerank,avg_cmps,tq8_rerank,search_cmps,t_compress,t_graph_search,t_aggregate,t_rerank
100,0.985,0.271,3316.017,3316.017,16,1000,2873460.582,True,4626105,0,0.057,0.008,0.038
100,1.0,0.413,2274.536,2274.536,32,1000,4586385.808,True,7376129,0,0.09,0.017,0.034
100,1.0,0.603,1456.319,1456.319,64,1000,7669883.579,True,11769328,0,0.148,0.033,0.039
100,1.0,0.808,839.02,839.02,128,1000,13503222.96,True,19853510,0,0.262,0.07,0.049
100,1.0,0.95,456.068,456.068,256,1000,24090178.576,True,35861912,0,0.495,0.146,0.071
100,1.0,0.994,228.608,228.608,512,1000,39946844.706,True,67928626,0,1.042,0.271,0.096
100,1.0,0.996,103.91,103.91,1024,1000,58105593.783,True,131845629,0,2.429,0.538,0.122
100,1.0,0.996,45.221,45.221,2048,1000,85037645.548,True,255556280,0,6.089,0.91,0.12
100,1.0,0.996,3.914,3.914,4096,1000,133492386.687,True,485474447,0,81.123,1.232,0.13
